Date,Open,High,Low,Close,Volume,Market Cap
May 23 2018,646.67,651.64,572.95,583.59,2995430000,64411000000
May 22 2018,700.18,700.98,644.03,647.74,2230470000,69726300000
May 21 2018,717.19,719.28,692.49,699.22,2005170000,71405800000
May 20 2018,697.92,723.75,692.67,715.37,2156910000,69472800000
May 19 2018,695.07,715.58,686.79,696.53,2021550000,69174600000
May 18 2018,672.10,695.03,663.81,694.37,2305740000,66874700000
May 17 2018,708.72,718.83,668.83,672.66,2350620000,70503400000
May 16 2018,708.09,710.20,682.54,707.05,2476130000,70426200000
May 15 2018,731.14,739.05,701.00,708.87,2523070000,72704300000
May 14 2018,732.73,742.17,695.79,730.55,3005110000,72847500000
May 13 2018,687.17,741.31,675.32,733.50,2362500000,68304000000
May 12 2018,679.88,691.41,644.07,686.05,2668480000,67564600000
May 11 2018,727.01,736.98,669.83,679.59,3290080000,72233800000
May 10 2018,752.58,766.75,726.66,727.28,2748950000,74758700000
May 09 2018,752.90,759.53,718.47,752.27,2877870000,74775300000
May 08 2018,755.01,774.25,728.13,752.86,2920490000,74969200000
May 07 2018,793.34,795.76,710.18,753.73,4316120000,78758700000
May 06 2018,816.09,835.06,764.88,792.31,3105570000,81000200000
May 05 2018,784.58,827.46,784.24,816.12,3035040000,77857000000
May 04 2018,776.77,803.75,762.63,785.62,3533410000,77066200000
May 03 2018,686.59,784.34,686.59,779.54,4210940000,68104600000
May 02 2018,674.08,688.84,667.42,687.15,2822270000,66849100000
May 01 2018,670.46,674.40,637.54,673.61,2678960000,66477200000
Apr 30 2018,689.76,694.44,666.12,669.92,2853100000,68376400000
Apr 29 2018,683.91,697.76,670.51,688.88,2740560000,67782400000
Apr 28 2018,644.65,691.44,644.65,683.68,2496660000,63877700000
Apr 27 2018,662.11,684.87,647.03,647.03,2598130000,65594600000
Apr 26 2018,618.08,663.18,604.01,662.81,2984010000,61219700000
Apr 25 2018,707.06,707.06,600.21,615.42,4216140000,70018900000
Apr 24 2018,643.40,708.88,643.40,708.16,3581860000,63701200000
Apr 23 2018,621.20,646.70,621.03,642.55,2386830000,61490600000
Apr 22 2018,606.12,640.77,593.87,621.86,2426270000,59985500000
Apr 21 2018,616.00,621.89,578.55,605.39,2612460000,60951100000
Apr 20 2018,567.99,618.72,560.28,615.72,2849470000,56188700000
Apr 19 2018,524.04,567.89,523.26,567.89,2256870000,51829900000
Apr 18 2018,503.31,525.09,503.05,524.79,1762940000,49769600000
Apr 17 2018,511.14,518.03,502.56,502.89,1760360000,50534000000
Apr 16 2018,532.07,534.20,500.25,511.15,1758980000,52592200000
Apr 15 2018,502.88,531.70,502.88,531.70,1726090000,49696300000
Apr 14 2018,492.58,512.02,488.28,501.48,1519080000,48668400000
Apr 13 2018,493.16,526.47,482.66,492.74,2419250000,48715400000
Apr 12 2018,430.16,493.06,417.41,492.94,2519360000,42483600000
Apr 11 2018,415.02,430.54,412.47,430.54,1439040000,40980200000
Apr 10 2018,399.41,415.89,393.88,414.24,1196000000,39430400000
Apr 09 2018,400.86,429.25,390.61,398.53,1478390000,39565100000
Apr 08 2018,385.74,402.59,385.60,400.51,948488000,38065400000
Apr 07 2018,370.38,393.06,369.94,385.31,951475000,36541900000
Apr 06 2018,382.73,385.19,366.91,370.29,967106000,37752600000
Apr 05 2018,379.95,387.72,369.82,383.23,1210680000,37470200000
Apr 04 2018,416.49,417.47,375.31,380.54,1287730000,41065100000
Apr 03 2018,387.31,418.97,383.53,416.89,1363400000,38180800000
Apr 02 2018,379.70,395.17,377.59,386.43,1102260000,37422500000
Apr 01 2018,397.25,400.53,363.81,379.61,1256930000,39144700000
Mar 31 2018,395.00,418.47,392.95,396.46,1323920000,38914900000
Mar 30 2018,385.90,409.93,368.63,394.64,1878130000,38010600000
Mar 29 2018,448.07,450.81,385.81,385.97,1970230000,44125000000
Mar 28 2018,450.29,466.21,444.86,446.28,1514180000,44334000000
Mar 27 2018,489.59,491.46,449.97,450.12,1617940000,48193300000
Mar 26 2018,524.29,526.38,470.44,489.95,1638880000,51598000000
Mar 25 2018,522.70,535.82,515.66,524.29,1151170000,51431600000
Mar 24 2018,542.57,545.38,526.08,526.44,1300010000,53375400000
Mar 23 2018,539.86,540.49,512.13,539.62,1596350000,53098100000
Mar 22 2018,562.10,577.57,523.09,539.70,1523460000,55273800000
Mar 21 2018,559.10,589.61,550.57,561.73,1781270000,54967300000
Mar 20 2018,556.72,567.09,521.20,557.17,1833680000,54722100000
Mar 19 2018,546.63,558.10,519.12,556.73,2046790000,53718600000
Mar 18 2018,551.64,551.64,460.09,538.64,2685500000,54200100000
Mar 17 2018,601.68,609.15,549.10,552.78,1267810000,59104200000
Mar 16 2018,611.78,623.17,587.86,601.67,1417350000,60083700000
Mar 15 2018,614.84,620.62,579.50,611.30,1770460000,60371800000
Mar 14 2018,691.22,702.78,594.10,614.29,1810560000,67857600000
Mar 13 2018,698.15,713.74,682.35,690.83,1425960000,68524000000
Mar 12 2018,724.41,742.51,683.27,699.83,1765000000,71086000000
Mar 11 2018,685.31,735.83,668.12,723.34,1562680000,67235700000
Mar 10 2018,730.16,748.03,682.70,686.89,1532960000,71620700000
Mar 09 2018,702.20,729.16,648.11,728.92,2233020000,68863600000
Mar 08 2018,752.57,773.77,696.17,704.60,1891640000,73788400000
Mar 07 2018,816.27,825.61,726.55,752.83,2175420000,80017300000
Mar 06 2018,853.82,853.82,809.93,816.95,1943070000,83680400000
Mar 05 2018,866.85,869.92,853.52,853.68,1898490000,84939700000
Mar 04 2018,856.19,867.95,840.28,866.68,1697940000,83877800000
Mar 03 2018,856.71,868.45,855.21,857.23,1699370000,83911700000
Mar 02 2018,871.76,876.38,852.42,856.85,1894420000,85368100000
Mar 01 2018,856.01,880.30,851.92,872.20,1868520000,83808200000
Feb 28 2018,877.93,890.11,855.12,855.20,1963980000,85936400000
Feb 27 2018,870.37,896.26,867.10,878.26,2053980000,85177800000
Feb 26 2018,845.28,880.39,842.32,869.32,2044480000,82705400000
Feb 25 2018,839.46,853.15,822.38,844.81,1646960000,82119100000
Feb 24 2018,861.59,879.53,818.55,840.51,1926580000,84266700000
Feb 23 2018,811.59,886.32,794.79,864.19,2334820000,79358900000
Feb 22 2018,849.26,875.93,802.67,812.85,2150370000,83025800000
Feb 21 2018,894.13,912.38,830.56,849.97,2531730000,87394200000
Feb 20 2018,943.57,965.26,892.95,895.37,2545260000,92206500000
Feb 19 2018,921.67,957.78,921.55,943.87,2169020000,90047700000
Feb 18 2018,973.35,982.93,915.45,923.92,2567290000,95077100000
Feb 17 2018,944.75,976.60,940.75,974.12,2525720000,92264000000
Feb 16 2018,934.79,950.00,917.85,944.21,2369450000,91272100000
Feb 15 2018,923.73,951.95,911.11,936.98,2900100000,90173300000
Feb 14 2018,844.28,926.43,844.28,923.56,2818370000,82400600000
Feb 13 2018,869.29,870.71,828.84,845.26,2081170000,84824200000
Feb 12 2018,817.51,875.94,817.51,868.71,2243450000,79754400000
Feb 11 2018,859.29,859.29,788.22,814.66,2486650000,83813000000
Feb 10 2018,882.47,917.40,825.58,860.41,2930530000,86055600000
Feb 09 2018,818.48,884.00,788.83,883.87,2495820000,79799300000
Feb 08 2018,755.84,845.09,755.84,817.81,3708190000,73676900000
Feb 07 2018,790.43,851.20,723.43,757.07,3896180000,77032000000
Feb 06 2018,707.74,796.44,574.42,793.12,6518270000,68958700000
Feb 05 2018,834.96,856.65,644.60,697.95,4269530000,81337400000
Feb 04 2018,964.67,969.03,805.06,834.68,2997090000,93953400000
Feb 03 2018,919.21,991.94,847.69,964.02,3243480000,89507600000
Feb 02 2018,1035.77,1035.77,757.98,915.78,6713290000,100836000000
Feb 01 2018,1119.37,1161.35,984.82,1036.79,5261680000,108952000000
Jan 31 2018,1071.09,1128.66,1034.50,1118.31,3757560000,104231000000
Jan 30 2018,1184.13,1184.63,1058.97,1071.13,4107860000,115207000000
Jan 29 2018,1246.70,1256.70,1169.08,1182.36,3715080000,121269000000
Jan 28 2018,1111.78,1257.77,1111.78,1246.01,5372330000,108122000000
Jan 27 2018,1055.75,1121.98,1042.12,1107.07,3002870000,102651000000
Jan 26 2018,1052.70,1080.60,996.78,1055.17,3617690000,102334000000
Jan 25 2018,1063.22,1104.66,1034.74,1056.03,4050190000,103335000000
Jan 24 2018,987.48,1062.44,965.81,1058.78,3944040000,95952700000
Jan 23 2018,1004.17,1023.23,920.54,986.23,3556700000,97554300000
Jan 22 2018,1055.35,1089.10,930.74,1003.26,3810100000,102504000000
Jan 21 2018,1155.68,1155.68,1021.50,1049.58,3378090000,112226000000
Jan 20 2018,1044.95,1167.11,1044.95,1155.15,3975190000,101451000000
Jan 19 2018,1028.82,1093.22,1003.71,1039.10,4084450000,99863900000
Jan 18 2018,1016.44,1100.31,967.76,1036.28,5938320000,98642100000
Jan 17 2018,1061.34,1090.23,780.92,1014.25,8545160000,102974000000
Jan 16 2018,1292.63,1292.63,875.54,1053.69,8405140000,125389000000
Jan 15 2018,1365.21,1390.59,1290.60,1291.92,4781100000,132404000000
Jan 14 2018,1397.48,1400.56,1286.21,1366.77,4841630000,135503000000
Jan 13 2018,1270.47,1432.88,1270.47,1396.42,5746760000,123163000000
Jan 12 2018,1158.29,1296.04,1120.09,1273.20,5222300000,112263000000
Jan 11 2018,1268.09,1337.30,1135.17,1154.93,7235900000,122879000000
Jan 10 2018,1300.34,1417.38,1226.60,1255.82,9214950000,125976000000
Jan 09 2018,1146.00,1320.98,1145.49,1299.74,7965460000,110999000000
Jan 08 2018,1158.26,1266.93,1016.05,1148.53,8450970000,112164000000
Jan 07 2018,1043.01,1153.17,1043.01,1153.17,5569880000,100981000000
Jan 06 2018,995.15,1060.71,994.62,1041.68,4662220000,96326500000
Jan 05 2018,975.75,1075.39,956.33,997.72,6683150000,94423900000
Jan 04 2018,961.71,1045.08,946.09,980.92,6502860000,93049400000
Jan 03 2018,886.00,974.47,868.45,962.72,5093160000,85703500000
Jan 02 2018,772.35,914.83,772.35,884.44,5783350000,74695700000
Jan 01 2018,755.76,782.53,742.00,772.64,2595760000,73075800000
Dec 31 2017,712.21,760.35,710.12,756.73,2554270000,68850800000
Dec 30 2017,753.82,753.82,685.23,717.26,3187780000,72856900000
Dec 29 2017,740.39,770.12,729.61,753.59,2648970000,71544300000
Dec 28 2017,762.21,763.32,701.19,737.02,2389150000,73637100000
Dec 27 2017,774.97,789.25,738.41,762.84,2100030000,74854100000
Dec 26 2017,763.37,786.79,760.93,773.84,2201160000,73717800000
Dec 25 2017,698.87,782.52,698.87,765.83,2491760000,67475100000
Dec 24 2017,721.77,721.77,614.92,694.15,2300550000,69671200000
Dec 23 2017,681.32,763.89,679.73,719.39,2480340000,65752100000
Dec 22 2017,822.64,827.68,543.76,674.86,4977710000,79374400000
Dec 21 2017,820.24,880.54,792.69,821.06,3569060000,79125300000
Dec 20 2017,827.52,845.06,756.00,819.09,3969940000,79810600000
Dec 19 2017,793.90,881.94,785.34,826.82,4096550000,76552200000
Dec 18 2017,721.73,803.93,689.23,794.64,3249230000,69578400000
Dec 17 2017,696.24,735.83,696.24,719.98,2147390000,67106400000
Dec 16 2017,686.19,718.38,680.79,696.21,2165690000,66124200000
Dec 15 2017,696.38,697.13,621.06,684.45,2758710000,67090900000
Dec 14 2017,700.59,753.12,664.99,695.82,3821580000,67482900000
Dec 13 2017,644.91,747.99,597.80,702.77,4524540000,62105600000
Dec 12 2017,522.29,657.32,504.49,651.43,5179830000,50286400000
Dec 11 2017,440.36,516.97,439.10,515.14,1771440000,42389300000
Dec 10 2017,472.79,472.79,429.51,441.72,1404180000,45501400000
Dec 09 2017,457.34,504.15,456.25,473.50,2003850000,44005600000
Dec 08 2017,434.99,466.06,422.37,456.03,2336380000,41845800000
Dec 07 2017,426.37,441.40,414.41,434.41,2129570000,41007600000
Dec 06 2017,462.60,462.71,420.21,428.59,1998260000,44483100000
Dec 05 2017,470.29,473.56,457.66,463.28,1216720000,45212800000
Dec 04 2017,466.05,474.78,453.31,470.20,1005550000,44795700000
Dec 03 2017,463.70,482.81,451.85,465.85,990557000,44560500000
Dec 02 2017,466.85,476.24,456.65,463.45,943650000,44853300000
Dec 01 2017,445.21,472.61,428.31,466.54,1247880000,42765000000
Nov 30 2017,431.21,465.50,401.24,447.11,1903040000,41411900000
Nov 29 2017,473.28,522.31,425.07,427.52,2675940000,45442100000
Nov 28 2017,480.52,482.48,466.35,472.90,1346500000,46127200000
Nov 27 2017,471.53,493.40,468.49,480.36,1396480000,45255000000
Nov 26 2017,465.97,472.72,451.61,471.33,1197780000,44712100000
Nov 25 2017,475.68,485.19,461.05,466.28,1422080000,45633400000
Nov 24 2017,412.50,480.97,402.76,474.91,2292830000,39564300000
Nov 23 2017,381.44,425.55,376.09,410.17,1845680000,36577300000
Nov 22 2017,360.31,381.42,360.15,380.65,800819000,34544000000
Nov 21 2017,367.44,372.47,350.69,360.40,949912000,35220200000
Nov 20 2017,354.09,372.14,353.29,366.73,807027000,33933400000
Nov 19 2017,347.40,371.29,344.74,354.39,1181530000,33284900000
Nov 18 2017,331.98,349.62,327.69,347.61,649639000,31800700000
Nov 17 2017,330.17,334.96,327.52,332.39,621733000,31620300000
Nov 16 2017,333.44,336.16,323.61,330.92,797254000,31927300000
Nov 15 2017,337.96,340.91,329.81,333.36,722666000,32353200000
Nov 14 2017,316.76,340.18,316.76,337.63,1069680000,30317300000
Nov 13 2017,307.02,328.42,307.02,316.72,1041890000,29379000000
Nov 12 2017,314.69,319.15,298.51,307.91,1613480000,30106200000
Nov 11 2017,298.59,319.45,298.19,314.68,842301000,28559400000
Nov 10 2017,320.67,324.72,294.54,299.25,885986000,30665200000
Nov 09 2017,308.64,329.45,307.06,320.88,893250000,29509000000
Nov 08 2017,294.27,318.70,293.10,309.07,967956000,28128700000
Nov 07 2017,298.57,304.84,290.77,294.66,540766000,28533300000
Nov 06 2017,296.43,305.42,293.72,298.89,579359000,28322700000
Nov 05 2017,300.04,301.37,295.12,296.26,337658000,28661500000
Nov 04 2017,305.48,305.48,295.80,300.47,416479000,29175300000
Nov 03 2017,288.50,308.31,287.69,305.71,646340000,27547400000
Nov 02 2017,290.73,293.91,281.17,287.43,904901000,27754200000
Nov 01 2017,305.76,306.40,290.58,291.69,553864000,29183600000
Oct 31 2017,307.38,310.55,305.88,305.88,369583000,29331500000
Oct 30 2017,304.78,310.50,304.35,307.75,331442000,29077600000
Oct 29 2017,296.38,313.75,296.38,305.09,551752000,28270200000
Oct 28 2017,297.92,300.36,293.58,296.30,264424000,28410400000
Oct 27 2017,296.51,299.26,294.06,297.42,257169000,28270100000
Oct 26 2017,298.02,301.07,295.22,296.53,270273000,28408400000
Oct 25 2017,298.44,301.85,290.72,297.93,325040000,28442000000
Oct 24 2017,287.12,311.96,282.66,298.33,684281000,27357500000
Oct 23 2017,295.10,295.75,277.57,286.95,482336000,28111400000
Oct 22 2017,300.55,305.50,292.81,295.45,327387000,28624800000
Oct 21 2017,303.57,303.93,291.77,300.19,408014000,28906600000
Oct 20 2017,308.05,311.44,303.49,304.01,396673000,29326300000
Oct 19 2017,314.54,316.71,305.83,308.09,349830000,29937900000
Oct 18 2017,316.94,317.24,290.64,314.32,606114000,30160500000
Oct 17 2017,333.48,333.48,311.79,317.08,509924000,31727700000
Oct 16 2017,336.71,349.35,332.04,333.38,692885000,32029200000
Oct 15 2017,339.53,342.72,320.43,336.60,635407000,32292100000
Oct 14 2017,338.85,347.98,334.70,339.63,516562000,32222400000
Oct 13 2017,304.08,348.60,299.66,338.76,1304360000,28911100000
Oct 12 2017,303.50,309.15,303.29,304.14,527557000,28851200000
Oct 11 2017,301.18,304.39,299.10,303.46,264146000,28626300000
Oct 10 2017,297.60,306.15,293.17,299.87,359706000,28281400000
Oct 09 2017,308.67,309.31,288.19,297.39,559467000,29328300000
Oct 08 2017,311.06,312.54,308.03,308.61,293167000,29550900000
Oct 07 2017,308.89,313.13,304.98,311.12,342205000,29340400000
Oct 06 2017,295.15,308.84,294.95,308.59,318664000,28031100000
Oct 05 2017,292.77,298.04,288.84,295.86,253747000,27800400000
Oct 04 2017,292.75,299.39,290.89,292.66,257906000,27794100000
Oct 03 2017,297.48,300.11,288.13,292.46,321680000,28238500000
Oct 02 2017,302.48,302.92,294.58,297.48,339443000,28708500000
Oct 01 2017,301.55,303.19,295.06,302.34,306185000,28615200000
Sep 30 2017,291.48,303.96,291.11,301.46,332439000,27655200000
Sep 29 2017,299.12,299.92,279.77,291.47,541375000,28375900000
Sep 28 2017,306.47,307.20,295.47,299.15,501894000,29068700000
Sep 27 2017,287.02,308.01,286.82,306.47,550244000,27219400000
Sep 26 2017,292.35,293.75,287.02,287.44,345801000,27720000000
Sep 25 2017,282.22,293.51,281.88,292.33,483161000,26755500000
Sep 24 2017,286.21,292.95,278.13,282.48,571411000,27129900000
Sep 23 2017,264.60,286.17,261.12,286.17,450934000,25077100000
Sep 22 2017,258.11,270.54,256.22,264.31,430081000,24458400000
Sep 21 2017,283.26,286.61,255.02,258.58,601266000,26836000000
Sep 20 2017,282.01,290.89,278.05,283.74,421404000,26712400000
Sep 19 2017,293.66,295.77,274.48,282.80,646909000,27809300000
Sep 18 2017,252.23,293.50,252.23,293.50,1127750000,23881200000
Sep 17 2017,245.85,257.00,235.24,251.75,427452000,23272500000
Sep 16 2017,250.87,262.59,238.22,246.52,711737000,23742600000
Sep 15 2017,215.22,258.65,195.03,250.46,1935700000,20364900000
Sep 14 2017,276.59,280.84,213.91,213.91,1184590000,26166100000
Sep 13 2017,291.12,291.12,260.61,277.11,921692000,27535700000
Sep 12 2017,294.63,311.19,287.23,291.46,753144000,27861800000
Sep 11 2017,289.75,300.69,286.69,294.53,571307000,27394400000
Sep 10 2017,294.06,294.76,268.97,288.75,698326000,27797200000
Sep 09 2017,296.17,299.89,287.22,294.40,528621000,27990500000
Sep 08 2017,329.64,329.64,285.16,296.50,1098780000,31147200000
Sep 07 2017,333.52,333.52,319.94,329.43,718624000,31507500000
Sep 06 2017,313.80,334.66,313.49,334.34,1058830000,29639100000
Sep 05 2017,297.57,318.57,268.29,312.99,1551050000,28100000000
Sep 04 2017,347.13,347.13,279.94,295.17,1801690000,32774000000
Sep 03 2017,350.23,366.49,332.23,347.48,986266000,33059800000
Sep 02 2017,387.82,389.35,328.10,348.98,1483600000,36601200000
Sep 01 2017,383.47,390.04,383.47,387.74,874222000,36182900000
Aug 31 2017,378.44,386.14,376.35,383.04,706254000,35701500000
Aug 30 2017,369.47,388.75,361.97,378.49,1333320000,34848400000
Aug 29 2017,347.96,373.76,347.79,370.67,1220030000,32813200000
Aug 28 2017,350.04,352.05,338.41,347.75,854319000,33002700000
Aug 27 2017,334.36,347.89,334.36,347.89,633370000,31517500000
Aug 26 2017,331.99,334.99,327.92,333.88,514181000,31288300000
Aug 25 2017,326.11,336.40,325.80,331.92,760329000,30727900000
Aug 24 2017,317.45,327.96,317.08,325.61,697665000,29904600000
Aug 23 2017,315.27,324.21,314.54,317.52,811990000,29691900000
Aug 22 2017,321.06,327.36,297.91,314.79,1336400000,30229900000
Aug 21 2017,300.48,347.05,297.23,321.59,2448970000,28285500000
Aug 20 2017,296.64,301.43,291.58,301.43,571947000,27918100000
Aug 19 2017,296.18,301.67,286.18,297.47,860202000,27867900000
Aug 18 2017,301.70,307.96,292.50,295.59,936160000,28380200000
Aug 17 2017,302.81,311.03,300.25,301.46,909494000,28477500000
Aug 16 2017,289.82,303.41,285.38,302.27,967643000,27249700000
Aug 15 2017,299.95,300.41,279.33,289.82,1051800000,28195800000
Aug 14 2017,298.03,306.81,296.41,300.10,864391000,28008700000
Aug 13 2017,310.37,310.82,289.31,298.06,1369370000,29161100000
Aug 12 2017,308.71,317.56,307.90,310.60,1111650000,28998700000
Aug 11 2017,294.50,309.21,294.50,308.86,953576000,27657000000
Aug 10 2017,296.96,306.59,289.93,295.89,1076820000,27882200000
Aug 09 2017,297.63,318.72,276.69,296.03,2638580000,27938700000
Aug 08 2017,269.10,298.91,266.80,296.77,1502410000,25254600000
Aug 07 2017,261.24,271.96,256.69,269.18,935727000,24511000000
Aug 06 2017,256.42,271.05,252.85,261.57,1482980000,24053500000
Aug 05 2017,222.85,256.51,221.95,256.51,1333000000,20900000000
Aug 04 2017,225.31,227.62,222.06,223.07,539783000,21125600000
Aug 03 2017,220.18,228.29,219.89,225.34,557217000,20640100000
Aug 02 2017,227.01,229.51,218.12,219.95,632606000,21275200000
Aug 01 2017,204.69,227.74,204.69,226.77,1585330000,19179100000
Jul 31 2017,197.41,203.87,193.41,203.87,569414000,18492000000
Jul 30 2017,206.74,208.54,196.15,197.98,596234000,19360900000
Jul 29 2017,193.34,208.68,179.65,205.79,824355000,18101800000
Jul 28 2017,204.32,204.90,192.30,193.12,562571000,19125100000
Jul 27 2017,204.86,206.44,201.26,204.32,393283000,19169800000
Jul 26 2017,207.09,210.77,194.78,203.95,717692000,19373400000
Jul 25 2017,224.37,225.32,195.84,206.71,1095760000,20985200000
Jul 24 2017,226.28,227.54,222.45,224.71,431691000,21158500000
Jul 23 2017,229.12,231.68,217.72,225.95,649615000,21418300000
Jul 22 2017,217.86,232.70,216.87,229.48,618260000,20360100000
Jul 21 2017,226.06,235.12,213.01,218.31,1006130000,21121100000
Jul 20 2017,205.42,233.90,203.22,227.26,2225000000,19187800000
Jul 19 2017,234.94,245.65,191.75,199.70,2328790000,21939300000
Jul 18 2017,195.03,267.99,182.06,234.39,2709260000,18207400000
Jul 17 2017,159.99,194.75,158.04,193.42,1669500000,14932700000
Jul 16 2017,169.57,172.01,133.72,157.36,1516890000,15823100000
Jul 15 2017,199.71,200.16,170.66,170.66,810452000,18630200000
Jul 14 2017,209.53,211.10,187.37,199.66,749382000,19541300000
Jul 13 2017,231.81,231.81,200.06,209.73,828489000,21613900000
Jul 12 2017,197.15,230.77,189.59,230.77,1241190000,18377600000
Jul 11 2017,211.53,220.29,183.39,197.40,1440950000,19712300000
Jul 10 2017,243.01,243.07,196.97,215.36,937219000,22640500000
Jul 09 2017,251.82,255.10,242.14,242.14,505118000,23454700000
Jul 08 2017,245.89,273.48,236.55,251.70,754958000,22890700000
Jul 07 2017,270.35,273.94,244.17,245.99,687252000,25160800000
Jul 06 2017,268.86,278.48,265.51,270.55,623080000,25019500000
Jul 05 2017,273.10,275.13,261.45,268.77,790256000,25406900000
Jul 04 2017,282.19,287.39,273.11,273.30,687691000,26245000000
Jul 03 2017,288.41,291.10,281.18,282.90,851408000,26815900000
Jul 02 2017,275.12,295.51,262.52,287.99,1123330000,25572800000
Jul 01 2017,293.35,293.75,268.62,274.60,1089200000,27259400000
Jun 30 2017,303.15,315.17,288.44,294.92,1011800000,28161900000
Jun 29 2017,328.37,330.71,297.37,302.88,1508580000,30495300000
Jun 28 2017,293.04,333.10,276.41,327.93,2056550000,27207000000
Jun 27 2017,272.69,293.09,227.14,293.09,1973870000,25309700000
Jun 26 2017,302.95,311.46,238.65,272.69,2081810000,28111200000
Jun 25 2017,323.47,332.79,284.65,303.25,1186880000,30005900000
Jun 24 2017,341.63,343.62,322.09,323.70,673585000,31681300000
Jun 23 2017,336.49,348.01,334.99,341.74,593207000,31195900000
Jun 22 2017,337.73,342.03,330.62,336.37,925767000,31302600000
Jun 21 2017,359.54,361.34,319.48,336.87,1420130000,33310500000
Jun 20 2017,370.33,377.97,350.94,359.00,1020390000,34304000000
Jun 19 2017,371.86,377.12,369.76,370.06,685172000,34435700000
Jun 18 2017,379.52,390.58,368.84,371.46,904703000,35133800000
Jun 17 2017,369.88,379.41,364.00,379.41,904653000,34231300000
Jun 16 2017,361.18,373.06,341.42,370.23,1096280000,33415800000
Jun 15 2017,358.51,364.44,300.70,361.93,2463450000,33158200000
Jun 14 2017,397.59,399.32,342.21,359.05,1272580000,36761600000
Jun 13 2017,395.69,411.18,370.06,397.54,1717380000,36574500000
Jun 12 2017,341.16,414.76,341.16,401.49,2882650000,31525300000
Jun 11 2017,338.79,353.01,318.17,340.61,1373220000,31296800000
Jun 10 2017,282.01,350.26,282.01,337.67,1611630000,26043700000
Jun 09 2017,261.75,282.76,261.75,281.74,557986000,24165000000
Jun 08 2017,257.99,262.25,253.97,261.67,385494000,23810900000
Jun 07 2017,264.26,264.67,254.04,258.07,461649000,24382200000
Jun 06 2017,248.60,267.51,246.84,264.47,741553000,22930400000
Jun 05 2017,245.26,249.47,243.05,248.46,435660000,22615800000
Jun 04 2017,224.12,250.41,223.98,245.33,753820000,20659800000
Jun 03 2017,223.46,225.97,219.42,224.38,427896000,20593500000
Jun 02 2017,222.29,229.41,219.58,223.78,469532000,20479000000
Jun 01 2017,230.89,236.22,214.48,222.24,812924000,21264800000
May 31 2017,231.58,236.97,215.57,230.67,1271600000,21321900000
May 30 2017,195.61,233.71,189.29,231.91,1586670000,18004700000
May 29 2017,170.13,197.13,164.53,194.91,718828000,15654600000
May 28 2017,158.82,179.94,157.60,170.51,717971000,14608600000
May 27 2017,159.82,166.95,120.44,157.76,1217060000,14696000000
May 26 2017,175.22,193.69,150.28,160.40,792458000,16107000000
May 25 2017,189.85,210.98,170.51,174.45,943637000,17446600000
May 24 2017,182.65,228.37,182.45,190.05,561014000,16779700000
May 23 2017,170.82,183.55,169.93,181.95,530709000,15688000000
May 22 2017,158.17,201.75,152.47,174.26,1188910000,14522100000
May 21 2017,127.54,159.03,125.89,157.94,570361000,11705700000
May 20 2017,129.22,133.64,124.70,126.52,331455000,11856600000
May 19 2017,97.05,133.56,97.05,129.53,626945000,8902240000
May 18 2017,89.84,97.37,89.84,96.91,196237000,8238110000
May 17 2017,89.25,91.27,84.43,89.86,183031000,8181520000
May 16 2017,92.39,93.56,89.12,89.44,152285000,8466470000
May 15 2017,90.78,95.43,86.83,92.41,170999000,8316930000
May 14 2017,90.87,91.25,89.61,90.79,66046600,8322380000
May 13 2017,88.69,93.81,86.66,90.84,88742200,8120390000
May 12 2017,89.43,93.12,88.66,88.66,145825000,8184930000
May 11 2017,89.77,102.55,88.48,89.88,132722000,8213570000
May 10 2017,91.15,92.85,85.29,89.52,145602000,8337180000
May 09 2017,91.23,93.06,80.39,91.16,363434000,8341490000
May 08 2017,93.75,95.14,89.51,91.42,231344000,8569060000
May 07 2017,97.87,98.24,89.87,94.01,183295000,8942950000
May 06 2017,94.91,97.88,90.95,97.81,151462000,8669910000
May 05 2017,96.73,103.23,92.22,94.40,331928000,8833520000
May 04 2017,79.72,97.56,79.43,96.98,366847000,7277480000
May 03 2017,77.25,80.10,75.76,79.72,141922000,7050050000
May 02 2017,76.65,79.35,74.38,77.26,193773000,6992980000
May 01 2017,79.32,82.52,73.09,76.30,376842000,7234070000
Apr 30 2017,68.54,79.02,68.35,79.02,229945000,6248840000
Apr 29 2017,71.39,71.90,66.78,68.38,165448000,6506490000
Apr 28 2017,62.23,70.85,62.13,70.16,346546000,5669550000
Apr 27 2017,52.81,62.17,52.29,62.17,246775000,4809630000
Apr 26 2017,49.91,53.44,49.91,52.72,104884000,4544370000
Apr 25 2017,50.07,50.30,49.81,49.89,38264600,4557870000
Apr 24 2017,48.87,50.18,48.87,50.03,55580600,4446470000
Apr 23 2017,48.59,48.89,48.17,48.49,36234000,4420040000
Apr 22 2017,48.18,48.74,48.17,48.55,37357600,4381290000
Apr 21 2017,49.64,49.66,48.14,48.22,45048300,4512610000
Apr 20 2017,48.13,49.99,48.13,49.67,79600900,4373800000
Apr 19 2017,50.73,50.95,47.26,48.31,76281000,4608260000
Apr 18 2017,48.32,51.03,48.30,50.71,78748500,4387860000
Apr 17 2017,48.66,48.75,48.05,48.30,44013300,4417310000
Apr 16 2017,49.04,49.14,48.19,48.72,31343800,4450140000
Apr 15 2017,47.65,49.57,47.18,49.10,66207800,4323100000
Apr 14 2017,49.97,50.05,46.76,47.57,91674400,4531810000
Apr 13 2017,46.31,50.91,46.31,50.22,157200000,4198420000
Apr 12 2017,43.46,47.23,43.11,46.29,88045700,3938930000
Apr 11 2017,43.50,44.25,43.30,43.41,38303300,3941100000
Apr 10 2017,43.28,44.14,42.42,43.44,44061500,3919520000
Apr 09 2017,44.28,44.49,42.89,43.27,55143000,4009010000
Apr 08 2017,41.80,45.21,41.73,44.31,74138800,3783000000
Apr 07 2017,42.87,44.04,41.65,42.16,81474700,3878210000
Apr 06 2017,45.22,45.64,40.90,43.24,147120000,4089930000
Apr 05 2017,44.66,47.84,44.54,45.30,119733000,4037940000
Apr 04 2017,43.92,45.74,41.72,44.64,157568000,3969730000
Apr 03 2017,48.82,48.82,43.41,44.36,190513000,4411030000
Apr 02 2017,50.74,51.27,45.43,48.75,134604000,4582700000
Apr 01 2017,50.03,51.93,48.88,50.70,92461900,4517510000
Mar 31 2017,51.75,51.77,47.38,50.04,151416000,4671190000
Mar 30 2017,53.12,53.31,51.87,52.21,86885700,4793280000
Mar 29 2017,50.57,53.87,50.55,53.13,144998000,4561150000
Mar 28 2017,49.71,50.96,49.15,50.77,97745300,4482160000
Mar 27 2017,51.31,52.46,48.93,49.67,118978000,4624990000
Mar 26 2017,50.77,51.80,49.28,50.52,106859000,4574540000
Mar 25 2017,53.58,53.58,48.31,51.25,223059000,4825700000
Mar 24 2017,43.64,54.14,43.21,53.11,297046000,3929230000
Mar 23 2017,42.57,44.75,41.30,43.68,100724000,3831310000
Mar 22 2017,43.12,43.52,39.69,42.34,113952000,3880120000
Mar 21 2017,43.51,44.26,42.37,43.15,91265400,3913620000
Mar 20 2017,44.83,46.23,42.44,43.39,154701000,4031270000
Mar 19 2017,35.53,47.00,35.34,44.74,239430000,3193600000
Mar 18 2017,46.87,46.87,31.70,34.16,262180000,4211830000
Mar 17 2017,45.93,55.11,38.21,46.83,497534000,4125480000
Mar 16 2017,35.36,47.17,35.36,46.35,454418000,3174750000
Mar 15 2017,28.65,35.06,28.43,35.06,170344000,2571160000
Mar 14 2017,28.57,29.93,27.32,28.65,101797000,2563700000
Mar 13 2017,23.50,30.60,23.50,28.59,255488000,2108300000
Mar 12 2017,21.46,23.44,21.38,23.44,74628900,1924660000
Mar 11 2017,19.37,21.59,19.01,21.47,69150100,1736630000
Mar 10 2017,17.74,19.66,17.68,19.33,87506800,1589640000
Mar 09 2017,16.64,17.87,16.37,17.75,31418400,1490500000
Mar 08 2017,18.88,18.88,16.65,16.65,44304600,1690760000
Mar 07 2017,19.58,19.63,18.64,18.89,37972200,1752530000
Mar 06 2017,19.28,20.10,19.11,19.61,32432700,1725360000
Mar 05 2017,18.50,19.42,18.23,19.30,26816300,1655030000
Mar 04 2017,19.52,20.05,18.62,18.62,27341900,1745140000
Mar 03 2017,19.04,20.67,18.41,19.46,95863400,1702140000
Mar 02 2017,17.36,19.35,16.95,19.03,83627100,1550750000
Mar 01 2017,15.85,17.37,15.56,17.35,44927500,1415510000
Feb 28 2017,15.45,16.06,15.12,15.82,65478900,1379600000
Feb 27 2017,14.51,15.68,14.27,15.40,31667000,1294770000
Feb 26 2017,13.52,14.54,13.40,14.52,20307500,1206150000
Feb 25 2017,13.06,13.72,12.98,13.55,18533900,1165230000
Feb 24 2017,13.13,13.23,12.88,13.07,19574400,1171110000
Feb 23 2017,12.60,13.21,12.56,13.12,14522300,1122910000
Feb 22 2017,12.69,12.76,12.55,12.60,10360900,1130460000
Feb 21 2017,12.34,12.77,12.21,12.67,15183300,1099330000
Feb 20 2017,12.77,12.90,12.43,12.43,12994400,1136610000
Feb 19 2017,12.82,12.87,12.71,12.76,7799740,1140870000
Feb 18 2017,12.71,12.83,12.68,12.81,9370010,1130750000
Feb 17 2017,12.90,12.91,12.66,12.68,11636500,1147260000
Feb 16 2017,12.92,12.92,12.54,12.90,38002600,1148860000
Feb 15 2017,13.04,13.04,12.64,12.92,18464700,1159000000
Feb 14 2017,11.29,13.33,11.29,13.03,42911500,1002810000
Feb 13 2017,11.38,11.39,11.17,11.27,7216520,1011080000
Feb 12 2017,11.35,11.40,11.30,11.40,6264900,1008030000
Feb 11 2017,11.29,11.43,11.24,11.35,7544520,1002130000
Feb 10 2017,11.04,11.34,10.78,11.28,11914200,979961000
Feb 09 2017,11.44,11.60,10.67,11.03,18400300,1014280000
Feb 08 2017,11.54,11.63,11.24,11.43,9688630,1023170000
Feb 07 2017,11.43,11.61,11.41,11.52,7629640,1012620000
Feb 06 2017,11.35,11.48,11.34,11.39,5695440,1005930000
Feb 05 2017,11.44,11.49,11.32,11.35,5942960,1013400000
Feb 04 2017,11.13,11.50,11.13,11.43,14139500,985277000
Feb 03 2017,10.81,11.11,10.76,11.11,12897800,956944000
Feb 02 2017,10.74,10.89,10.55,10.82,10172500,949793000
Feb 01 2017,10.74,10.85,10.56,10.73,12852200,949969000
Jan 31 2017,10.56,10.75,10.54,10.73,11648700,933975000
Jan 30 2017,10.49,10.71,10.47,10.57,8042180,927415000
Jan 29 2017,10.56,10.57,10.45,10.48,4689950,933087000
Jan 28 2017,10.54,10.58,10.43,10.56,6580700,930688000
Jan 27 2017,10.58,10.61,10.44,10.54,7189170,934404000
Jan 26 2017,10.57,10.67,10.51,10.59,8465020,932575000
Jan 25 2017,10.62,10.62,10.48,10.57,6751450,936769000
Jan 24 2017,10.73,10.77,10.57,10.63,8327330,946083000
Jan 23 2017,10.71,10.84,10.67,10.82,7267210,944159000
Jan 22 2017,10.91,10.97,10.58,10.70,8678620,961463000
Jan 21 2017,10.60,10.98,10.58,10.91,11937600,933405000
Jan 20 2017,10.39,10.76,10.35,10.60,10992800,914696000
Jan 19 2017,10.24,10.44,10.18,10.40,8347550,901484000
Jan 18 2017,10.30,10.52,9.94,10.23,10788200,906079000
Jan 17 2017,9.64,10.61,9.54,10.30,18391900,847981000
Jan 16 2017,9.88,9.93,9.58,9.64,14937400,869126000
Jan 15 2017,9.83,10.00,9.60,9.90,14837900,864037000
Jan 14 2017,9.79,9.89,9.44,9.65,20085800,859971000
Jan 13 2017,9.83,9.85,9.51,9.77,25066600,863241000
Jan 12 2017,9.72,10.08,9.18,9.86,30453800,853638000
Jan 11 2017,10.54,10.66,9.46,9.72,26823500,925320000
Jan 10 2017,10.37,10.69,10.29,10.55,10879700,909897000
Jan 09 2017,10.31,10.78,10.14,10.33,25718300,904682000
Jan 08 2017,9.87,10.39,9.83,10.29,16676600,865667000
Jan 07 2017,10.24,10.28,9.59,9.87,23153600,897636000
Jan 06 2017,10.29,10.63,9.63,10.25,29471800,901249000
Jan 05 2017,11.29,11.89,9.40,10.25,41557400,988599000
Jan 04 2017,9.71,11.28,9.56,11.25,41051200,850115000
Jan 03 2017,8.37,10.00,8.32,9.73,33625200,732988000
Jan 02 2017,8.17,8.44,8.05,8.38,14579600,714900000
Jan 01 2017,7.98,8.47,7.98,8.17,14731700,698149000
Dec 31 2016,8.15,8.16,7.91,7.97,9066800,712662000
Dec 30 2016,8.29,8.47,8.05,8.16,13909900,724528000
Dec 29 2016,7.54,8.53,7.54,8.28,27543800,658674000
Dec 28 2016,7.15,7.62,7.08,7.52,17453300,624359000
Dec 27 2016,7.28,7.32,7.09,7.17,8778610,635260000
Dec 26 2016,7.13,7.33,7.05,7.27,5836810,622439000
Dec 25 2016,7.26,7.34,7.14,7.18,8671840,633792000
Dec 24 2016,7.15,7.41,7.15,7.27,7626020,623759000
Dec 23 2016,7.58,7.69,7.16,7.17,19613100,660546000
Dec 22 2016,7.90,7.91,7.50,7.58,16376700,688380000
Dec 21 2016,7.66,7.94,7.66,7.91,9393550,667625000
Dec 20 2016,7.63,7.75,7.57,7.66,6313550,664772000
Dec 19 2016,7.87,7.87,7.63,7.64,5894760,685054000
Dec 18 2016,7.86,7.93,7.72,7.87,5890020,684028000
Dec 17 2016,7.86,7.90,7.52,7.88,8502620,683357000
Dec 16 2016,7.86,7.93,7.80,7.86,5178610,683399000
Dec 15 2016,8.24,8.24,7.72,7.83,13184400,715861000
Dec 14 2016,8.45,8.52,8.25,8.27,7337220,734382000
Dec 13 2016,8.52,8.53,8.35,8.42,4486190,740099000
Dec 12 2016,8.19,8.61,8.17,8.52,9119700,711348000
Dec 11 2016,8.13,8.27,8.10,8.19,5545500,705363000
Dec 10 2016,8.44,8.53,8.02,8.13,8108370,732173000
Dec 09 2016,8.17,8.67,8.05,8.45,12916300,708468000
Dec 08 2016,8.38,8.86,8.23,8.23,16042700,726878000
Dec 07 2016,7.89,8.54,7.33,8.38,22229600,684258000
Dec 06 2016,6.80,7.92,5.98,7.87,50671200,589548000
Dec 05 2016,7.41,7.64,6.66,6.82,17344500,641820000
Dec 04 2016,7.90,7.95,7.44,7.44,8450790,684258000
Dec 03 2016,7.77,8.15,7.67,7.92,12112100,672138000
Dec 02 2016,8.46,8.46,7.42,7.76,18579800,731520000
Dec 01 2016,8.60,8.65,8.36,8.45,5882340,743882000
Nov 30 2016,8.16,8.75,8.16,8.59,10626600,705040000
Nov 29 2016,8.73,8.74,7.88,8.17,17000400,754307000
Nov 28 2016,9.00,9.01,8.72,8.72,6046890,777311000
Nov 27 2016,9.31,9.33,8.78,9.00,8707660,804085000
Nov 26 2016,9.42,9.50,9.31,9.33,3505990,812795000
Nov 25 2016,9.23,9.75,9.21,9.40,7669720,796268000
Nov 24 2016,9.85,9.85,8.93,9.23,15987800,849229000
Nov 23 2016,9.92,9.96,9.76,9.84,4812310,855265000
Nov 22 2016,9.63,10.24,9.59,9.91,11284400,829616000
Nov 21 2016,9.58,9.64,9.54,9.62,3663210,825381000
Nov 20 2016,9.66,9.71,9.52,9.58,5173420,832050000
Nov 19 2016,9.48,9.75,9.48,9.66,5186540,816380000
Nov 18 2016,9.99,10.01,9.48,9.48,10816100,859571000
Nov 17 2016,10.06,10.19,9.92,9.99,6984700,865393000
Nov 16 2016,10.22,10.33,9.93,10.06,9533550,878610000
Nov 15 2016,9.97,10.32,9.85,10.22,6557550,857223000
Nov 14 2016,10.10,10.16,9.96,9.97,3573250,867755000
Nov 13 2016,9.89,10.41,9.84,10.10,8227770,849342000
Nov 12 2016,10.29,10.34,9.70,9.88,10052500,883780000
Nov 11 2016,10.51,10.57,10.26,10.29,6056300,902479000
Nov 10 2016,10.67,10.68,10.51,10.52,4253980,915940000
Nov 09 2016,10.82,10.83,10.22,10.66,14606600,928063000
Nov 08 2016,10.85,10.92,10.74,10.83,6258150,930345000
Nov 07 2016,10.90,10.96,10.78,10.81,5992480,934536000
Nov 06 2016,10.99,11.25,10.85,10.87,5688710,941729000
Nov 05 2016,11.09,11.24,10.88,11.00,5502670,950213000
Nov 04 2016,10.82,11.12,10.82,11.09,9958040,926129000
Nov 03 2016,10.80,11.11,10.76,10.80,15228600,924097000
Nov 02 2016,10.77,11.16,10.69,10.75,11691700,921691000
Nov 01 2016,10.96,11.18,10.30,10.77,22901300,937123000
Oct 31 2016,11.23,11.50,10.94,11.00,13393900,960008000
Oct 30 2016,10.43,11.45,10.29,11.18,16694900,891164000
Oct 29 2016,11.10,11.20,9.56,10.44,27070400,948271000
Oct 28 2016,11.47,11.58,10.95,11.09,13971500,979916000
Oct 27 2016,11.53,11.61,11.26,11.50,13255400,984361000
Oct 26 2016,11.38,11.66,11.38,11.53,10221800,971440000
Oct 25 2016,11.97,11.99,11.15,11.41,19316000,1020850000
Oct 24 2016,12.04,12.10,11.91,11.97,5739690,1026400000
Oct 23 2016,12.13,12.14,11.94,12.04,5774660,1033970000
Oct 22 2016,12.18,12.19,11.95,12.07,7583820,1037850000
Oct 21 2016,12.13,12.21,12.02,12.18,5676920,1033140000
Oct 20 2016,12.05,12.29,12.00,12.10,8170760,1025620000
Oct 19 2016,12.59,12.62,11.91,12.02,10576200,1071710000
Oct 18 2016,12.00,12.93,12.00,12.59,18864200,1020530000
Oct 17 2016,11.96,12.03,11.86,12.01,5724440,1016710000
Oct 16 2016,11.98,12.01,11.93,11.95,3617280,1018540000
Oct 15 2016,11.94,12.00,11.78,11.98,4991840,1014280000
Oct 14 2016,11.99,12.07,11.90,11.94,4333510,1018390000
Oct 13 2016,11.91,12.13,11.78,11.96,8665190,1011190000
Oct 12 2016,11.78,12.07,11.71,11.93,9694640,1000220000
Oct 11 2016,11.76,12.16,11.75,11.79,11727700,997949000
Oct 10 2016,12.06,12.06,11.62,11.76,10809200,1022860000
Oct 09 2016,12.22,12.36,11.98,12.05,7208480,1035590000
Oct 08 2016,12.67,12.69,12.05,12.22,11611200,1073990000
Oct 07 2016,12.85,12.99,12.53,12.67,8933050,1088570000
Oct 06 2016,13.03,13.14,12.69,12.85,12044800,1102940000
Oct 05 2016,13.28,13.35,13.04,13.04,9881370,1124270000
Oct 04 2016,13.45,13.53,13.21,13.28,8348280,1137980000
Oct 03 2016,13.20,13.49,13.19,13.45,7458320,1116600000
Oct 02 2016,13.18,13.30,13.14,13.20,4079660,1114200000
Oct 01 2016,13.20,13.31,13.05,13.17,6331160,1115690000
Sep 30 2016,13.08,13.34,13.02,13.22,5950840,1104530000
Sep 29 2016,13.28,13.34,13.07,13.07,5990630,1121060000
Sep 28 2016,13.11,13.48,13.08,13.27,10239000,1106330000
Sep 27 2016,12.86,13.21,12.86,13.10,6831070,1085330000
Sep 26 2016,13.17,13.17,12.74,12.82,7213070,1110700000
Sep 25 2016,12.85,13.11,12.80,13.10,5283440,1083510000
Sep 24 2016,13.32,13.34,12.68,12.88,9824880,1122670000
Sep 23 2016,13.21,13.45,13.10,13.33,9166430,1112590000
Sep 22 2016,13.66,13.66,12.48,13.25,27382800,1150650000
Sep 21 2016,14.43,14.43,13.17,13.77,28645000,1214950000
Sep 20 2016,13.21,14.43,13.12,14.43,31929100,1111810000
Sep 19 2016,12.44,13.19,12.42,13.19,13838800,1045870000
Sep 18 2016,12.69,12.99,12.16,12.43,22433300,1066620000
Sep 17 2016,12.56,12.76,12.44,12.70,7446610,1055440000
Sep 16 2016,11.96,12.75,11.90,12.56,17421500,1004740000
Sep 15 2016,11.94,12.14,11.92,11.94,7309090,1002970000
Sep 14 2016,11.90,12.00,11.86,11.92,5694820,999352000
Sep 13 2016,11.89,12.09,11.88,11.92,11704300,997638000
Sep 12 2016,11.64,11.95,11.61,11.89,7478080,976645000
Sep 11 2016,12.21,12.21,11.59,11.64,8791180,1023640000
Sep 10 2016,11.66,12.22,11.54,12.17,7220300,977515000
Sep 09 2016,11.41,11.68,11.39,11.65,6109200,956210000
Sep 08 2016,11.55,11.70,11.25,11.35,11535000,967010000
Sep 07 2016,11.69,11.73,11.52,11.55,6115050,979087000
Sep 06 2016,11.73,11.73,11.47,11.69,6346330,981303000
Sep 05 2016,11.68,11.81,11.59,11.72,5724100,977169000
Sep 04 2016,11.75,11.79,11.47,11.68,7220550,982952000
Sep 03 2016,12.11,12.36,11.35,11.76,13358800,1012580000
Sep 02 2016,11.96,12.31,11.88,12.11,9368300,999757000
Sep 01 2016,11.67,12.58,11.65,11.99,24051500,974844000
Aug 31 2016,11.24,11.68,11.18,11.67,11073700,938406000
Aug 30 2016,10.99,11.30,10.96,11.23,7221260,917474000
Aug 29 2016,10.92,11.15,10.79,10.98,8130540,910698000
Aug 28 2016,11.15,11.15,10.92,10.93,5303040,929690000
Aug 27 2016,11.29,11.29,11.14,11.15,15108400,941585000
Aug 26 2016,11.35,11.45,11.21,11.30,5857850,946092000
Aug 25 2016,11.03,11.39,11.02,11.36,8552380,918977000
Aug 24 2016,11.02,11.15,11.01,11.04,4423420,918039000
Aug 23 2016,11.14,11.23,10.90,11.03,6489380,927065000
Aug 22 2016,11.19,11.34,11.07,11.12,6588920,930708000
Aug 21 2016,11.25,11.25,10.99,11.18,4355660,936015000
Aug 20 2016,10.75,11.30,10.75,11.25,7443540,893814000
Aug 19 2016,10.75,10.80,10.73,10.75,5390850,893156000
Aug 18 2016,10.75,11.01,10.74,10.76,6935800,892903000
Aug 17 2016,11.13,11.15,10.75,10.75,8833760,924591000
Aug 16 2016,11.23,11.24,11.00,11.14,7051510,932162000
Aug 15 2016,11.20,11.31,11.00,11.22,7500840,929558000
Aug 14 2016,11.58,11.69,11.10,11.19,8680160,960855000
Aug 13 2016,11.77,11.79,11.51,11.57,7539490,975999000
Aug 12 2016,11.69,12.04,11.64,11.78,13690100,968865000
Aug 11 2016,12.14,12.27,11.63,11.69,17505000,1005720000
Aug 10 2016,12.23,12.46,11.98,12.14,28096300,1012910000
Aug 09 2016,11.27,12.45,11.20,12.24,36656600,933431000
Aug 08 2016,10.91,11.33,10.86,11.25,14956700,903184000
Aug 07 2016,10.86,11.09,10.78,10.91,16551000,898340000
Aug 06 2016,10.92,10.94,10.29,10.88,16712600,902752000
Aug 05 2016,11.02,11.18,10.76,10.93,15487900,910856000
Aug 04 2016,10.31,11.29,10.16,11.04,38151400,851992000
Aug 03 2016,8.88,10.42,8.88,10.29,53979400,733204000
Aug 02 2016,10.95,11.14,8.20,8.79,88803300,903978000
Aug 01 2016,11.89,12.01,10.94,10.94,23999500,981735000
Jul 31 2016,12.44,12.51,11.55,11.88,25441400,1026310000
Jul 30 2016,12.80,12.80,12.46,12.46,9047810,1055410000
Jul 29 2016,12.84,12.87,12.55,12.79,14082300,1058220000
Jul 28 2016,12.98,12.99,12.49,12.84,24603900,1069560000
Jul 27 2016,12.05,13.31,11.84,12.97,58278800,992645000
Jul 26 2016,13.82,13.85,11.73,11.99,94428800,1137660000
Jul 25 2016,12.74,13.86,12.68,13.84,36673800,1048920000
Jul 24 2016,14.30,14.44,12.32,12.75,77750800,1176250000
Jul 23 2016,14.67,14.90,14.05,14.30,32489700,1206190000
Jul 22 2016,12.66,14.81,12.54,14.66,74779500,1040640000
Jul 21 2016,12.46,12.71,11.99,12.65,24636900,1024000000
Jul 20 2016,11.59,12.99,11.57,12.45,60226100,952143000
Jul 19 2016,11.05,12.01,11.01,11.62,21730000,907135000
Jul 18 2016,11.17,11.61,10.95,11.03,15931900,917151000
Jul 17 2016,11.62,11.67,11.01,11.16,17921600,953762000
Jul 16 2016,11.92,11.94,11.59,11.65,10445700,977658000
Jul 15 2016,11.50,12.43,11.49,11.95,26838900,942817000
Jul 14 2016,10.60,11.68,10.60,11.51,23621900,868509000
Jul 13 2016,10.51,10.59,10.40,10.50,6715660,860770000
Jul 12 2016,10.45,10.76,10.43,10.52,11127700,855555000
Jul 11 2016,10.94,11.01,10.26,10.46,13098000,895670000
Jul 10 2016,10.96,11.01,10.78,10.95,5479240,896899000
Jul 09 2016,11.42,11.46,10.73,10.97,17254800,933946000
Jul 08 2016,10.12,11.52,9.96,11.39,20039800,827090000
Jul 07 2016,10.54,10.57,9.80,10.11,15407200,861144000
Jul 06 2016,10.58,11.11,10.28,10.53,18137300,864063000
Jul 05 2016,11.46,11.52,9.58,10.61,45526900,935730000
Jul 04 2016,11.70,11.88,11.39,11.47,12943500,954849000
Jul 03 2016,12.12,12.15,11.59,11.72,10588700,989132000
Jul 02 2016,12.22,12.22,11.95,12.13,8987070,996510000
Jul 01 2016,12.44,12.49,11.73,12.20,17236500,1014220000
Jun 30 2016,12.60,12.74,12.25,12.46,15801300,1027260000
Jun 29 2016,12.17,13.04,11.69,12.61,26982800,991926000
Jun 28 2016,13.93,13.98,11.72,12.18,43436600,1134340000
Jun 27 2016,13.81,14.12,13.75,13.88,10994700,1124170000
Jun 26 2016,14.26,14.37,13.66,13.85,14747600,1160590000
Jun 25 2016,14.30,14.58,14.02,14.28,15383100,1163530000
Jun 24 2016,13.68,14.57,13.22,14.33,33332900,1112590000
Jun 23 2016,13.22,13.79,12.56,13.68,30806400,1074240000
Jun 22 2016,13.20,15.79,13.10,13.10,96994100,1072510000
Jun 21 2016,11.82,13.42,11.29,13.31,69245600,960014000
Jun 20 2016,12.24,12.45,10.52,11.84,58143600,993503000
Jun 19 2016,11.17,13.18,10.64,12.23,69783600,906292000
Jun 18 2016,15.38,15.38,9.96,11.33,133937000,1247530000
Jun 17 2016,20.65,21.52,13.57,15.38,199408000,1674540000
Jun 16 2016,18.36,20.83,18.36,20.59,38531000,1488420000
Jun 15 2016,18.91,18.91,17.71,18.35,19393400,1531790000
Jun 14 2016,17.61,19.27,17.30,18.89,64412200,1426500000
Jun 13 2016,15.77,17.64,15.72,17.60,38023400,1276930000
Jun 12 2016,14.19,15.90,14.19,15.74,38210300,1148070000
Jun 11 2016,13.91,14.19,13.72,14.19,12176500,1125180000
Jun 10 2016,14.38,14.43,13.82,13.91,11312900,1162500000
Jun 09 2016,14.43,14.57,14.34,14.40,8256830,1166450000
Jun 08 2016,14.51,14.78,14.28,14.42,16941800,1172230000
Jun 07 2016,13.95,14.51,13.81,14.51,21421600,1126330000
Jun 06 2016,14.00,14.06,13.73,13.93,8720400,1130350000
Jun 05 2016,13.76,14.07,13.57,13.97,11088400,1110690000
Jun 04 2016,13.86,13.95,13.42,13.74,15792400,1118460000
Jun 03 2016,13.74,13.87,13.25,13.85,22981500,1108220000
Jun 02 2016,13.99,14.05,13.63,13.74,10477200,1127830000
Jun 01 2016,14.11,14.32,13.44,14.00,22471300,1136900000
May 31 2016,12.74,14.27,12.64,14.08,42433400,1026410000
May 30 2016,12.33,12.88,12.27,12.73,14733800,992329000
May 29 2016,12.11,12.69,11.78,12.35,28598400,974784000
May 28 2016,11.33,12.36,10.37,11.89,47274800,911724000
May 27 2016,12.39,12.39,10.50,11.30,57496400,996293000
May 26 2016,12.52,12.99,12.06,12.43,20764000,1006080000
May 25 2016,12.79,12.90,11.77,12.53,27444700,1027940000
May 24 2016,13.31,13.77,12.01,12.73,41560600,1068670000
May 23 2016,14.28,14.49,13.19,13.46,23842800,1146470000
May 22 2016,14.04,14.35,13.77,14.29,17938900,1126810000
May 21 2016,13.69,14.05,13.12,14.02,24648400,1098220000
May 20 2016,14.85,15.05,13.38,13.64,50544100,1191080000
May 19 2016,13.54,14.87,13.34,14.77,53757500,1085570000
May 18 2016,12.18,14.26,12.18,13.56,65389900,975878000
May 17 2016,11.19,12.49,11.15,12.20,37198700,896505000
May 16 2016,9.97,11.44,9.97,11.17,29079900,798116000
May 15 2016,10.24,10.44,9.93,9.96,9218400,819399000
May 14 2016,10.51,10.62,9.81,10.24,18808000,840395000
May 13 2016,10.06,11.05,10.02,10.51,31276900,804647000
May 12 2016,10.00,10.51,9.86,10.06,24137700,798952000
May 11 2016,9.43,10.01,9.39,10.00,15267500,753600000
May 10 2016,9.28,9.48,9.26,9.36,9321790,741417000
May 09 2016,9.49,9.64,9.20,9.30,13085300,758000000
May 08 2016,9.37,9.60,8.93,9.48,15031000,748030000
May 07 2016,9.32,9.48,9.21,9.37,10806500,743166000
May 06 2016,9.81,9.95,9.04,9.35,21510600,782261000
May 05 2016,9.40,10.05,9.29,9.83,18296200,749038000
May 04 2016,9.38,10.03,9.27,9.41,17622400,747638000
May 03 2016,10.17,10.17,9.28,9.31,21463900,809644000
May 02 2016,8.89,10.32,8.85,10.16,41019200,708137000
May 01 2016,8.78,9.01,8.43,8.85,16713800,698377000
Apr 30 2016,7.45,9.37,7.45,8.81,36573300,592992000
Apr 29 2016,7.21,7.73,7.17,7.46,8762080,573124000
Apr 28 2016,7.74,7.91,7.17,7.17,11576000,615316000
Apr 27 2016,7.39,7.97,7.32,7.76,19254500,587076000
Apr 26 2016,7.53,7.55,7.06,7.40,17667300,597819000
Apr 25 2016,8.01,8.09,7.24,7.55,18239900,635784000
Apr 24 2016,8.29,8.47,7.96,8.00,10786400,658203000
Apr 23 2016,7.79,8.55,7.74,8.29,14565200,618147000
Apr 22 2016,8.15,8.27,7.67,7.82,13309300,646298000
Apr 21 2016,8.45,8.72,7.96,8.10,13355400,670104000
Apr 20 2016,8.69,8.83,8.31,8.47,15634700,688434000
Apr 19 2016,9.08,9.31,8.60,8.71,12899100,718825000
Apr 18 2016,9.33,9.51,8.50,9.04,21084100,738916000
Apr 17 2016,8.62,9.70,8.56,9.31,24619600,682467000
Apr 16 2016,8.24,8.65,8.11,8.61,9888460,651554000
Apr 15 2016,8.39,8.62,8.10,8.24,12179000,663169000
Apr 14 2016,8.08,8.76,8.02,8.39,13590700,638330000
Apr 13 2016,7.44,8.72,7.07,8.04,31403300,587994000
Apr 12 2016,8.64,8.64,7.15,7.44,23190100,682395000
Apr 11 2016,8.94,8.95,8.00,8.64,15138100,706074000
Apr 10 2016,9.15,9.22,7.46,8.94,42613400,722133000
Apr 09 2016,9.69,10.09,9.07,9.15,16194800,764797000
Apr 08 2016,10.08,10.39,9.66,9.72,14660600,794705000
Apr 07 2016,10.70,10.81,9.95,10.07,13464500,843091000
Apr 06 2016,10.45,10.97,10.28,10.69,16997100,823420000
Apr 05 2016,11.21,11.21,10.13,10.44,20557300,883170000
Apr 04 2016,11.62,11.62,11.02,11.16,9599070,914560000
Apr 03 2016,11.63,11.71,11.51,11.62,5580550,915175000
Apr 02 2016,11.63,11.69,11.40,11.60,8682620,914995000
Apr 01 2016,11.40,11.85,11.40,11.66,11373100,896537000
Mar 31 2016,11.92,12.01,11.32,11.40,14966700,936992000
Mar 30 2016,11.61,12.18,11.47,11.95,19351200,911902000
Mar 29 2016,11.75,11.91,11.35,11.66,17684200,923114000
Mar 28 2016,10.43,11.86,10.41,11.67,23188300,819007000
Mar 27 2016,10.99,11.05,10.11,10.42,16744800,862211000
Mar 26 2016,10.77,11.18,10.59,10.97,9425480,844742000
Mar 25 2016,11.26,11.37,10.53,10.74,13782000,883012000
Mar 24 2016,12.44,12.50,10.80,11.23,26081800,975295000
Mar 23 2016,11.33,12.43,11.24,12.42,19353200,887595000
Mar 22 2016,11.88,12.03,11.18,11.27,19730300,929610000
Mar 21 2016,10.30,12.01,10.16,11.86,28572600,805997000
Mar 20 2016,10.52,10.90,9.57,10.32,17651100,822297000
Mar 19 2016,11.20,11.20,9.78,10.53,26735700,875689000
Mar 18 2016,11.11,11.18,8.52,11.00,53956800,867949000
Mar 17 2016,12.56,12.64,10.44,11.08,41650600,977389000
Mar 16 2016,13.02,13.73,12.50,12.52,24335500,1013020000
Mar 15 2016,13.00,13.20,12.05,13.01,28404500,1011090000
Mar 14 2016,14.51,15.01,11.58,12.45,58385100,1128180000
Mar 13 2016,13.51,15.26,13.47,14.47,43915100,1049930000
Mar 12 2016,11.13,13.53,11.09,13.53,48957300,864733000
Mar 11 2016,11.22,11.60,10.39,11.08,21002700,871511000
Mar 10 2016,11.88,12.24,10.99,11.30,26851500,922452000
Mar 09 2016,9.79,12.05,9.67,11.90,27540500,760017000
Mar 08 2016,9.58,10.17,8.82,9.85,25524300,743456000
Mar 07 2016,11.43,11.65,9.31,9.55,34085100,886447000
Mar 06 2016,11.20,11.84,9.99,11.38,39112000,868736000
Mar 05 2016,10.37,12.27,9.97,11.00,56439600,803827000
Mar 04 2016,9.24,10.41,8.48,10.41,35520100,716027000
Mar 03 2016,8.44,10.10,8.33,9.29,40314900,653959000
Mar 02 2016,7.63,8.75,7.37,8.47,29130200,591078000
Mar 01 2016,6.32,7.91,6.31,7.65,23098100,489188000
Feb 29 2016,6.46,6.61,6.05,6.34,7648020,499587000
Feb 28 2016,6.41,6.62,6.24,6.47,9851660,495545000
Feb 27 2016,5.96,6.53,5.92,6.43,8903210,461169000
Feb 26 2016,6.04,6.27,5.74,5.92,9526860,466797000
Feb 25 2016,6.19,6.65,5.55,6.10,21471800,478149000
Feb 24 2016,5.60,6.24,5.51,6.24,11426500,432977000
Feb 23 2016,5.68,5.95,5.39,5.59,13380600,439084000
Feb 22 2016,4.66,5.65,4.64,5.62,15056200,360185000
Feb 21 2016,4.36,4.71,4.23,4.65,6413550,336572000
Feb 20 2016,4.68,4.75,4.13,4.34,8631090,361281000
Feb 19 2016,4.38,4.79,4.27,4.74,7666320,338222000
Feb 18 2016,3.77,4.77,3.42,4.40,17054000,291068000
Feb 17 2016,4.29,4.77,3.50,3.76,15451000,330635000
Feb 16 2016,5.33,5.47,4.03,4.32,15889100,410605000
Feb 15 2016,5.33,5.89,5.02,5.29,13934200,410643000
Feb 14 2016,5.40,5.47,4.45,5.24,11226500,416193000
Feb 13 2016,5.69,5.72,4.19,5.39,24218800,437667000
Feb 12 2016,5.95,6.58,5.07,5.55,23360800,457618000
Feb 11 2016,4.50,6.29,4.34,6.01,26408200,345964000
Feb 10 2016,4.00,4.86,3.78,4.44,28640400,307684000
Feb 09 2016,3.17,4.04,3.17,4.04,17954000,244110000
Feb 08 2016,2.97,3.27,2.88,3.18,9725690,228504000
Feb 07 2016,2.54,3.06,2.54,2.96,7007060,194884000
Feb 06 2016,2.53,2.56,2.47,2.53,1921240,194621000
Feb 05 2016,2.57,2.61,2.47,2.54,2636700,197363000
Feb 04 2016,2.53,2.63,2.44,2.58,3552320,194126000
Feb 03 2016,2.43,2.54,2.34,2.53,3987750,186609000
Feb 02 2016,2.22,2.45,2.16,2.44,3451270,169923000
Feb 01 2016,2.32,2.32,2.12,2.21,3994100,177881000
Jan 31 2016,2.44,2.53,2.19,2.31,5847500,187289000
Jan 30 2016,2.51,2.61,2.40,2.45,3725080,192176000
Jan 29 2016,2.54,2.61,2.30,2.49,6662340,194815000
Jan 28 2016,2.41,2.68,2.34,2.53,4903850,184294000
Jan 27 2016,2.25,2.59,2.19,2.39,6961080,172061000
Jan 26 2016,2.53,2.84,1.99,2.28,13939200,193838000
Jan 25 2016,2.15,2.66,2.06,2.50,10739300,164313000
Jan 24 2016,1.90,2.30,1.90,2.14,9669770,145358000
Jan 23 2016,1.50,2.03,1.50,1.97,7370980,115002000
Jan 22 2016,1.55,1.58,1.47,1.50,1567240,118244000
Jan 21 2016,1.53,1.59,1.49,1.55,1614960,117111000
Jan 20 2016,1.36,1.62,1.35,1.53,2933220,104124000
Jan 19 2016,1.42,1.46,1.31,1.37,2446740,108628000
Jan 18 2016,1.33,1.54,1.32,1.43,4278930,101699000
Jan 17 2016,1.22,1.33,1.21,1.33,1171150,93207300
Jan 16 2016,1.22,1.31,1.17,1.22,2462630,93099400
Jan 15 2016,1.18,1.32,1.14,1.21,3910550,90321700
Jan 14 2016,1.12,1.19,1.10,1.19,751961,85539300
Jan 13 2016,1.14,1.15,1.08,1.13,1005910,86530000
Jan 12 2016,1.07,1.28,1.05,1.14,2898760,81217300
Jan 11 2016,0.999216,1.07,0.999216,1.06,1011920,76096500
Jan 10 2016,0.985557,1.00,0.975099,0.999231,390888,75031200
Jan 09 2016,0.985501,0.992345,0.973600,0.986833,226281,75001800
Jan 08 2016,0.942752,0.991825,0.939715,0.986789,545600,71724000
Jan 07 2016,0.955801,0.974623,0.935830,0.942005,647462,72692900
Jan 06 2016,0.950028,0.960659,0.935708,0.950860,308791,72229700
Jan 05 2016,0.953147,0.970597,0.946543,0.950176,219833,72442400
Jan 04 2016,0.972045,0.976438,0.929835,0.954480,346245,73853900
Jan 03 2016,0.938430,0.991362,0.934313,0.971905,407632,71275900
Jan 02 2016,0.947401,0.969637,0.936560,0.937124,255504,71933100
Jan 01 2016,0.933712,0.954822,0.931442,0.948024,206062,70870900
Dec 31 2015,0.912098,0.975414,0.910277,0.933542,663994,69207400
Dec 30 2015,0.874258,0.941099,0.866647,0.911958,604078,66314200
Dec 29 2015,0.843835,0.873054,0.833232,0.873054,215742,63985600
Dec 28 2015,0.856356,0.872394,0.832932,0.845005,235134,64913200
Dec 27 2015,0.853166,0.861538,0.841151,0.856365,164565,64650000
Dec 26 2015,0.870766,0.897453,0.838314,0.854603,425282,65961900
Dec 25 2015,0.861993,0.882556,0.861993,0.870363,187114,65275400
Dec 24 2015,0.859433,0.882818,0.847600,0.863262,354646,65060000
Dec 23 2015,0.861782,0.882940,0.856065,0.858077,334993,65215800
Dec 22 2015,0.894973,0.909526,0.862059,0.864202,454249,67704600
Dec 21 2015,0.906065,0.917390,0.891182,0.900771,549113,68521200
Dec 20 2015,0.908240,0.943185,0.899441,0.903885,472164,68663100
Dec 19 2015,0.921524,0.925874,0.888916,0.908072,343535,69644200
Dec 18 2015,0.938327,0.939493,0.908081,0.920127,300787,70890600
Dec 17 2015,0.993043,0.997611,0.911807,0.940701,640765,74999300
Dec 16 2015,1.02,1.02,0.974927,0.991182,320767,76791600
Dec 15 2015,0.990589,1.03,0.982240,1.01,578618,74764100
Dec 14 2015,0.956620,1.01,0.950178,0.993022,563436,72176400
Dec 13 2015,0.971538,0.989394,0.937438,0.952884,273614,73276400
Dec 12 2015,0.931196,1.05,0.928546,0.976973,1376280,70210000
Dec 11 2015,0.839995,0.929762,0.819789,0.929762,801072,63312400
Dec 10 2015,0.795590,0.861590,0.787291,0.840396,369589,59945000
Dec 09 2015,0.824454,0.824454,0.770488,0.792167,624221,62098400
Dec 08 2015,0.806024,0.823645,0.782328,0.822118,445903,60690400
Dec 07 2015,0.836322,0.850791,0.787650,0.811264,520409,62950900
Dec 06 2015,0.866417,0.882436,0.833115,0.835500,443608,65194900
Dec 05 2015,0.841195,0.872821,0.824444,0.862438,232743,63276000
Dec 04 2015,0.812082,0.859575,0.802373,0.840041,241278,61065700
Dec 03 2015,0.818546,0.837664,0.785086,0.812143,539969,61530500
Dec 02 2015,0.873171,0.878017,0.818924,0.821210,506307,65615700
Dec 01 2015,0.878316,0.886736,0.853937,0.874800,652857,65980000
Nov 30 2015,0.879951,0.895054,0.847696,0.873119,784439,66080400
Nov 29 2015,0.914144,0.914153,0.860533,0.878614,448358,68625100
Nov 28 2015,0.868102,0.929293,0.862122,0.915703,462464,65147000
Nov 27 2015,0.882100,0.900051,0.860695,0.867951,403813,66174600
Nov 26 2015,0.863273,0.903643,0.804360,0.884183,947473,64740900
Nov 25 2015,0.893827,0.899493,0.851106,0.863537,622991,67010200
Nov 24 2015,0.946442,0.948055,0.895931,0.900191,524195,70931100
Nov 23 2015,0.967493,0.969057,0.933870,0.946969,441875,72484200
Nov 22 2015,0.979765,0.984132,0.958982,0.968018,372173,73378800
Nov 21 2015,0.928758,0.978743,0.920940,0.976140,455976,69535300
Nov 20 2015,0.955735,0.955735,0.898576,0.924920,614335,71532500
Nov 19 2015,0.988713,1.01,0.937498,0.955532,443528,73976100
Nov 18 2015,0.993214,1.01,0.940516,0.993319,681104,74287700
Nov 17 2015,0.924948,1.03,0.905794,1.01,1145440,69157900
Nov 16 2015,0.906166,0.944732,0.891971,0.928962,620945,67730700
Nov 15 2015,0.891217,0.921516,0.874957,0.906368,411848,66590200
Nov 14 2015,0.905469,0.906113,0.876908,0.888812,372514,67631900
Nov 13 2015,0.907722,0.917309,0.846023,0.904096,543671,67777000
Nov 12 2015,0.796455,0.913919,0.763510,0.895711,806156,59448700
Nov 11 2015,0.941296,0.945278,0.729775,0.791829,1278580,70236200
Nov 10 2015,1.00,1.05,0.920968,0.934348,854581,74685300
Nov 09 2015,1.03,1.11,0.945263,0.999278,2045290,76991800
Nov 08 2015,0.915661,1.03,0.915661,1.03,1021460,68254300
Nov 07 2015,0.923732,0.943787,0.863539,0.927974,890187,68833200
Nov 06 2015,0.904772,0.989848,0.852929,0.926032,913666,67397100
Nov 05 2015,0.900699,0.991259,0.860382,0.895637,1179840,67070700
Nov 04 2015,1.01,1.04,0.725665,0.899050,3060340,75232400
Nov 03 2015,0.994568,1.07,0.936615,1.01,1907690,74010000
Nov 02 2015,1.06,1.10,0.953647,0.989789,1145200,78701400
Nov 01 2015,0.920847,1.08,0.899082,1.06,588913,68477200
Oct 31 2015,1.05,1.06,0.900171,0.916627,673892,77800300
Oct 30 2015,1.21,1.35,0.968160,1.04,2429200,89857400
Oct 29 2015,1.01,1.21,0.947374,1.21,2279240,74675600
Oct 28 2015,0.870938,1.06,0.807857,1.00,2373050,64676600
Oct 27 2015,0.708890,0.898172,0.708890,0.869641,1846370,52624300
Oct 26 2015,0.619743,0.757517,0.597098,0.731317,1089120,45991300
Oct 25 2015,0.563207,0.688192,0.561383,0.616039,635384,41781300
Oct 24 2015,0.539681,0.577396,0.518688,0.563590,258356,40022100
Oct 23 2015,0.566370,0.611743,0.504284,0.539657,878822,41986400
Oct 22 2015,0.444988,0.619466,0.420991,0.567702,924822,32977300
Oct 21 2015,0.431589,0.482988,0.420897,0.447329,609085,31973600
Oct 20 2015,0.489629,0.501898,0.431648,0.434829,383921,36261200
Oct 19 2015,0.517621,0.521546,0.480994,0.489014,243742,38321300
Oct 18 2015,0.547913,0.552234,0.512861,0.517734,133690,40550400
Oct 17 2015,0.534117,0.563460,0.526961,0.547178,313860,39515900
Oct 16 2015,0.562593,0.568861,0.522533,0.536495,249891,41608900
Oct 15 2015,0.523278,0.572714,0.514730,0.561878,371022,38688300
Oct 14 2015,0.612240,0.612240,0.483974,0.522968,971664,45250600
Oct 13 2015,0.627943,0.630240,0.599214,0.607655,303044,46395200
Oct 12 2015,0.634515,0.657789,0.626030,0.626030,109567,46864200
Oct 11 2015,0.627461,0.639506,0.618335,0.634963,102128,46327500
Oct 10 2015,0.641187,0.649022,0.624374,0.627857,141555,47325200
Oct 09 2015,0.655084,0.692296,0.632116,0.650628,386420,48334900
Oct 08 2015,0.609501,0.633138,0.591971,0.621716,310266,44955900
Oct 07 2015,0.650515,0.656301,0.602423,0.609388,218327,47964700
Oct 06 2015,0.622218,0.653944,0.606230,0.650645,262674,45863300
Oct 05 2015,0.666784,0.674438,0.624450,0.628643,234263,49131600
Oct 04 2015,0.686343,0.693126,0.660716,0.668379,103497,50556000
Oct 03 2015,0.678783,0.709204,0.675482,0.687171,163326,49981900
Oct 02 2015,0.683732,0.691120,0.654605,0.678574,219318,50328700
Oct 01 2015,0.734307,0.734307,0.655906,0.690215,596084,54032300
Sep 30 2015,0.661192,0.746722,0.635861,0.738644,619926,48636600
Sep 29 2015,0.579414,0.675830,0.558346,0.661146,913992,42607700
Sep 28 2015,0.723715,0.725677,0.557062,0.582886,1320890,53201800
Sep 27 2015,0.791277,0.791277,0.719169,0.720839,413801,58149600
Sep 26 2015,0.737630,0.787544,0.709328,0.785964,369620,54188900
Sep 25 2015,0.820031,0.825665,0.712745,0.736223,903457,60221400
Sep 24 2015,0.896796,0.908571,0.793460,0.813610,842505,65836400
Sep 23 2015,0.903560,0.908910,0.885136,0.893406,200541,66309600
Sep 22 2015,0.919337,0.919337,0.865225,0.901796,487914,67444200
Sep 21 2015,0.941496,0.957326,0.878301,0.919047,424039,69045900
Sep 20 2015,0.881191,0.947741,0.873205,0.938445,508314,64600000
Sep 19 2015,0.849603,0.911883,0.833784,0.882391,386988,62262700
Sep 18 2015,0.874574,0.888102,0.833908,0.853685,484622,64071300
Sep 17 2015,0.906865,0.909204,0.831132,0.874231,897940,66415200
Sep 16 2015,0.941977,0.952698,0.901639,0.907175,615593,68963300
Sep 15 2015,0.875189,1.05,0.875189,0.944410,703390,64052400
Sep 14 2015,0.940566,0.949387,0.871760,0.875622,741085,68814400
Sep 13 2015,1.04,1.04,0.902832,0.936003,644138,76193600
Sep 12 2015,0.987228,1.11,0.969780,1.04,772430,72179000
Sep 11 2015,1.16,1.17,0.940675,0.982978,1942600,85144300
Sep 10 2015,1.21,1.22,1.14,1.17,662782,88230500
Sep 09 2015,1.24,1.26,1.20,1.21,366748,90518300
Sep 08 2015,1.25,1.28,1.23,1.24,427892,91020700
Sep 07 2015,1.30,1.31,1.24,1.25,489014,94585300
Sep 06 2015,1.34,1.37,1.29,1.30,491968,97625500
Sep 05 2015,1.28,1.34,1.27,1.34,448453,93402300
Sep 04 2015,1.26,1.30,1.24,1.27,474391,92234100
Sep 03 2015,1.30,1.31,1.21,1.26,702991,94418700
Sep 02 2015,1.35,1.35,1.26,1.29,883769,98504600
Sep 01 2015,1.35,1.39,1.34,1.35,778862,98617200
Aug 31 2015,1.32,1.40,1.20,1.36,1447180,96251000
Aug 30 2015,1.18,1.37,1.17,1.32,1337650,86145900
Aug 29 2015,1.19,1.21,1.15,1.18,375377,86887600
Aug 28 2015,1.15,1.21,1.12,1.19,721872,83521700
Aug 27 2015,1.17,1.19,1.14,1.15,686662,85106100
Aug 26 2015,1.13,1.20,1.06,1.16,1056750,82384400
Aug 25 2015,1.23,1.24,1.13,1.14,1307180,89321900
Aug 24 2015,1.35,1.36,1.23,1.23,924920,97791600
Aug 23 2015,1.38,1.41,1.30,1.35,1589300,99894500
Aug 22 2015,1.40,1.48,1.35,1.38,948310,101404000
Aug 21 2015,1.48,1.56,1.35,1.40,2020970,107266000
Aug 20 2015,1.25,1.53,1.25,1.46,2843760,90809000
Aug 19 2015,1.17,1.32,1.17,1.26,1486240,84663900
Aug 18 2015,1.22,1.33,1.09,1.09,1485680,88143200
Aug 17 2015,1.58,1.58,1.19,1.20,1942830,95819700
Aug 16 2015,1.68,1.70,1.09,1.57,3550790,102028000
Aug 15 2015,1.80,1.88,1.57,1.69,2554360,109160000
Aug 14 2015,1.81,2.26,1.75,1.83,4637030,109594000
Aug 13 2015,1.22,1.97,1.17,1.83,4068680,73935400
Aug 12 2015,1.06,1.29,0.883608,1.22,2150620,64018400
Aug 11 2015,0.708087,1.13,0.663235,1.07,1463100,42796500
Aug 10 2015,0.713989,0.729854,0.636546,0.708448,405283,43130000
Aug 09 2015,0.706136,0.879810,0.629191,0.701897,532170,42637600
Aug 08 2015,2.79,2.80,0.714725,0.753325,674188,167911000
Aug 07 2015,2.83,3.54,2.52,2.77,164329,-
